Nn;C-4G;C-4;C-6G;C-6
c1;ТТ;1,4;CC;1,1
c2;СТ;1,6;CT;0,6
c3;СТ;1,4;CC;1,1
c4;СТ;1,5;CC;0,7
c5;СТ;1,5;CC;0,9
c6;СТ;1,4;CC;1,8
c7;СС;1,8;CT;0,8
c8;СТ;1,5;CC;0,5
c9;СТ;1,4;CT;0,9
c10;СТ;1,8;ТТ;1,9
c11;TT;1,3;CC;1,1
c12;TT;1,3;CC;1,2
c13;СТ;1,2;CC;1,3
c14;СТ;1,4;ТТ;1,1
c15;TT;1,5;CC;1,1
c16;СТ;1,4;СС;1,1
c17;СТ;1,6;CT;0,6
c18;TT;1,6;CT;1,5
c19;СТ;1,4;CC;0,3
c20;СТ;1,2;CC;0,4
c21;TT;1,4;CC;1,7
c22;TT;1,6;CC;1,1
c23;TT;1,5;CC;0,8
c24;СТ;1,4;CC;1,9
c25;СТ;1,7;CT;1,3
c26;TT;1,6;CC;1,6
c27;TT;1,6;CC;0,9
c28;СТ;1,4;CC;1,4
c29;СТ;1,6;ТТ;1,7
c30;TT;1,7;CC;1,3
c31;TT;1,4;CC;1,1
c32;СТ;1,6;CC;0,6
c33;СТ;1,4;CC;1,1
c34;СТ;1,5;CC;0,7
c35;СТ;1,5;CC;0,9
c36;СТ;1,4;CC;1,8
c37;СС;1,8;CC;0,8
c38;СТ;1,5;CC;0,5
c39;СТ;1,4;CC;0,9
c40;СТ;1,8;ТТ;1,9
c41;TT;1,3;СС;1,1
c42;TT;1,3;CC;1,2
c43;СТ;1,2;CC;1,3
c44;СТ;1,4;CC;1,1
c45;TT;1,5;CC;1,1
c46;СТ;1,4;CC;1,1
c47;СТ;1,6;CT;0,6
c48;TT;1,6;CT;1,5
c49;СТ;1,4;CC;0,3
c50;СТ;1,2;CC;0,4
c51;TT;1,4;CC;1,7
c52;TT;1,6;CT;1,1
c53;TT;1,5;CC;0,8
c54;СТ;1,4;CC;1,9
c55;СС;1,7;CT;1,3
c56;TT;1,6;CC;1,6
c57;TT;1,6;CC;0,9
c58;СТ;1,4;CC;1,4
c59;СС;1,6;CT;1,7
c60;TT;1,7;CT;1,3
a1;СС;8,4;ТТ;1,2
a2;СС;6,4;CT;3,1
a3;СТ;6,7;CT;6,3
a4;СС;7,7;CT;2,4
a5;СТ;8,7;CT;0,6
a6;TT;6,4;CT;1,5
a7;СТ;6,9;СТ;3,5
a8;СТ;8,7;CT;5,3
a9;СС;6,4;CT;4,4
a10;СС;6,7;CT;1,7
a11;СС;8,4;ТТ;2,9
a12;СС;7,7;CT;1,6
a13;СТ;9,7;CT;4,7
a14;СС;6,7;CT;1,9
a15;СТ;6,7;CT;3,8
a16;СТ;4,4;CT;2,4
a17;СС;8,7;CT;1,9
a18;СТ;6,4;CT;1,3
a19;СТ;7,3;CT;4,9
a20;СС;6,7;CT;1,6
a21;СТ;8,7;CT;1,9
a22;СТ;4,4;CT;2,6
a23;TT;3,1;CC;2,8
a24;СТ;3,4;CC;1,1
a25;СС;6,4;CT;1,1
ar1;TT;8,6;ТТ;5,1
ar2;TT;7;ТТ;4,6
ar3;СТ;4,2;CC;2,9
ar4;СТ;3,7;CC;4,7
ar5;СТ;6,8;CT;0,9
ar6;СС;7,5;ТТ;1,8
ar7;СТ;4,9;CC;3,8
ar8;СТ;5,5;CT;4,5
ar9;СС;7,8;ТТ;4,2
ar10;СТ;6,7;CT;1,9
ar11;СТ;5,7;CT;2,1
ar12;СТ;7,8;ТТ;1,2
ar13;СС;6,7;CT;1,3
ar14;TT;8,7;ТТ;1,1
ar15;СТ;7,7;CT;3,1
ar16;СС;4,8;CC;6,3
ar17;СТ;6,7;CT;4,6
ar18;СТ;7,5;CT;1,5
ar19;СС;7,8;ТТ;3,3
ar20;СС;5,4;CT;0,4
ar21;СС;5,4;CT;1,7
ar22;СС;7,8;ТТ;2,9
ar23;СТ;6,4;CT;2,4
ar24;СТ;5,4;CT;1,9
ar25;СТ;6,7;CT;1,3
ar26;СТ;6,7;CT;1,6
ar27;СС;8,7;ТТ;4,9
ar28;СС;8,8;ТТ;3,8
ar29;СС;5,4;CT;1,7
ar30;СС;8,7;ТТ;2,3
ar31;СТ;4,7;CT;1,9
ar32;СС;6,7;CT;2,6
ar33;СТ;6,7;CT;2,8
ar34;СС;6,4;CT;2,1
ar35;СТ;7,7;CT;3,6
ar36;СТ;6,4;CT;1,2
ar37;СТ;6,4;CT;1,1
ar38;СС;4,4;CT;1,1
ar39;TT;5,5;CT;4,6
ar40;СТ;4,5;CC;3,5
ar41;СТ;4,5;CC;1,1
ar42;СТ;6,4;CT;3,9
ar43;СТ;5,5;CT;1,8
ar44;СТ;4,7;CT;4,8
ar45;СТ;6,4;CT;3,5
ar46;СТ;9,7;ТТ;4,2
ar47;СС;5,3;CT;1,9
ar48;СС;4,3;CT;2,1
ar49;СС;6,7;CT;4,9
ar50;СС;6,5;CT;1,3
v1;СС;6,7;ТТ;2,5
v2;СТ;5,4;CT;1,2
v3;СТ;6,4;CT;1,1
v4;СС;6,2;CT;1,1
v5;СТ;5,1;CT;4,6
v6;СТ;3,9;CT;3,5
v7;СС;5,4;CT;1,3
v8;СТ;6,4;CT;1,9
v9;СС;7;ТТ;1,8
v10;СС;5,4;CT;0,3
v11;СТ;2,4;CC;2,8
v12;ТТ;3,4;CT;2,5
v13;СТ;4,5;CT;0,7
v14;СТ;4,1;CT;1,1
v15;СТ;3;CT;0,9
v16;СС;3,5;CT;1,3
v17;СС;2,1;CT;1,1
v18;СТ;1,4;CC;1,9
v19;СС;1,1;CC;2,5
v20;СС;1,4;CT;2,9
v21;СС;1,2;CC;0,9
v22;СТ;1,7;CC;1,9
v23;СС;2,1;CT;1,8
v24;СС;1,3;CC;4,9
v25;СТ;1,5;CC;2,9
v26;СТ;1,9;CC;0,8
v27;СТ;1,6;CC;2,1
v28;СТ;1,2;CC;1,1
v29;СТ;1,4;CT;0,9
v30;СС;0,9;CC;1,3
v31;СС;8,7;ТТ;1,1
v32;СС;9,7;ТТ;4,6
v33;СС;7,7;ТТ;3,5
v34;СС;7,5;ТТ;1,1
v35;СТ;8,7;ТТ;0,9
v36;СС;8,5;ТТ;1,8
v37;СТ;7,7;ТТ;0,5
v38;СС;9,7;ТТ;4,2
v39;TT;8,6;ТТ;1,9
v40;СС;7,9;ТТ;2,1
vr1;СС;7;ТТ;1,9
vr2;СТ;6,4;CT;1,1
vr3;TT;6,4;CT;1,1
vr4;TT;6,4;CT;2,3
vr5;СТ;7,7;ТТ;2,4
vr6;СТ;6,4;CT;3,1
vr7;СТ;6,7;CT;3,5
vr8;СС;6,4;CT;1,6
vr9;СТ;5,5;CT;2,4
vr10;СТ;7,8;ТТ;1,9
vr11;СТ;5,4;CT;1,3
vr12;СТ;6,4;CT;0,6
vr13;СС;7,7;CT;35
vr14;СС;87;ТТ;1,1
vr15;СТ;6,7;CT;0,7
vr16;СС;7,7;ТТ;1,1
vr17;TT;6,4;CT;4,6
vr18;СТ;5,4;CT;3,5
vr19;СТ;6,4;CT;1,1
vr20;СТ;7,8;ТТ;0,9
vr21;СТ;6,4;CT;2,1
vr22;СТ;7,1;ТТ;0,9
vr23;СС;5,5;CT;0,6
vr24;СС;5,6;CT;1,3
vr25;СС;6,4;CT;1,9
vr26;СТ;6,7;CT;1,7
vr27;TT;7,5;ТТ;2,3
vr28;ТТ;6,7;CT;1,1
vr29;СТ;5,4;CT;3,1
vr30;СТ;6,4;CT;1,3
vr31;СТ;6,7;ТТ;1,1
vr32;СТ;6,7;ТТ;2,3
vr33;СТ;5,4;CT;1,2
vr34;СТ;7,8;ТТ;1,2
vr35;СТ;5,5;CT;1,1
